item,qty,spec,supplier,unit_cost_usd,make_buy,notes
1 FieldNode core,1,"FieldNode shared outdoor core per FND-DWG-001 Rev P3, hot-climate build, built to FND-BLD-001 except its two V-blocks and band clamps (replaced by line 12): IP65 enclosure 150 x 90 x 200 mm with vent and lugs, ventilated white sun shield (FieldNode BOM line 14), 6 W 9 V class panel as sun hood, 3.2 V 6 Ah LiFePO4 cell, MPPT power board, STM32WL-class LoRaWAN module, whip antenna, two M12 5-pin sensor ports, back plate with band slots",FieldNode project (its bom/bom.csv),148.00,make,"FieldNode hot-climate node $148.00 after its design for construction (FND-DDR-003, FND-CAL-001 v0.4); costed in the FieldNode repo (HMN-DDR-001 D1) and excluded from the sensor head; FieldNode's own V-blocks and band clamps stay in that figure but are not fitted on a HeatMap node"
2 Multi-plate radiation shield,1,"Eight 110 mm white plates at 15 mm pitch, 3 mm thick, UV-stable white ASA print: top plate with a 56 mm hole under the fan; seven ring plates with a 56 mm hole and four 10 mm bosses 12 mm tall; the third plate carries a 22 mm sensor hub on three spokes. Four M5 316 stainless threaded rods on a 92 mm circle with acorn nuts below and nuts above; two rods continue through the arm on 8 mm aluminium tube spacers 41 mm long",Local make (3D print) plus hardware shop,15.00,make,Indicative material cost; fan-aspirated (line 13); four rods and two spacers in place of three rods (HMN-DDR-003); radiation error in HMN-CAL-001 section C
3 Air temperature and humidity sensor,1,"Sensirion SHT45 digital sensor (typical ±0.1 °C and ±1.0 %RH) on a small board with PTFE membrane cap, I2C, on an M12 lead",Electronics distributor,14.00,buy,Indicative price; accuracy from the Sensirion product page; calibrate in CalRig
4 Black globe,1,"150 mm thin-wall copper sphere (float ball, about 0.4 mm wall), outside painted matte black (emissivity about 0.95), top boss tapped M10 x 1 (or with an adapter to M10 x 1); hung from the arm on a hollow M10 x 1 brass threaded tube (lamp rod, 7 mm bore) about 90 mm long with three M10 x 1 nuts; the probe passes down the tube",Plumbing or hardware supplier,24.00,buy,Indicative price; standard 150 mm globe (HMN-DDR-001 D3); hanger tube and nuts $2.00 added under HMN-DDR-003
5 Globe temperature probe,1,"10 k NTC epoxy bead thermistor (B about 3950) on a 5 mm stiff tube, bead held at the globe center, sealed at the boss",Electronics distributor,4.00,buy,Indicative price; calibrated in CalRig before it is fitted to the globe
6 Cup anemometer,1,"Three-cup anemometer with reed or Hall pulse output, about 0.8 m/s start-up (typical low-cost class, unverified), 44 mm cups on a 16 mm tube mast that passes through the arm, 170 mm above it, held by one M5 cross bolt",Weather station spare-parts supplier,32.00,buy,Indicative price; start-up speed misses R4 (HMN-CAL-001)
7 Sensor arm,1,"25 x 25 x 2 mm 6063 aluminium square tube, 530 mm, drilled for the cheek bolts, the two long shield rods, the globe hanger tube and the anemometer mast and its cross bolt",Local make from metal stockist,9.00,make,Indicative material cost; 10 mm longer than the concept so the anemometer keeps its place after the saddle change (HMN-DDR-003)
8 Arm clamp and bands,1,"Formed 3 mm 5052-H32 aluminium sheet channel 120 wide x 180 tall x 40 deep: a web with four cheek bolt holes and four band slots, and top and bottom flanges with 120 degree V notches lined with 1.5 mm EPDM rubber edge trim; two arm cheeks of 40 x 40 x 3 mm aluminium angle, 80 mm long; two 13 mm 316 stainless strap bands with buckles, cut to length for 60 to 200 mm poles",Hardware shop plus local make,8.00,make,"Indicative price; formed sheet saddle (HMN-DDR-002) made buildable under HMN-DDR-003: V notches in the flanges, 120 mm wide so a 200 mm pole still seats, cheeks to hold the arm; no drilling of the pole"
9 Sensor harness,1,"Two outdoor cables, lead A about 1.2 m and lead B about 1.4 m, with M12 5-pin A-coded plugs, UV-stable jacket, cable ties to the arm",Industrial connector distributor,12.00,buy,"Indicative price; lengths re-specified for the core above the arm (HMN-DEC-001, 2026-10-02): the model's runs are 0.83 m and 1.05 m from the ports to the arm sensors, plus the sensor tails and slack; the shorter cable does not change the connector-led price"
10 Hardware and consumables,1,"Stainless fixings: 2 x M6 x 40 hex bolts and 4 x M6 x 16 button-head screws with nyloc nuts (cheeks), 2 crush sleeves of 8 x 0.8 mm aluminium tube 21 mm long, 1 x M5 x 35 bolt with nyloc nut (mast), 4 x M4 x 40 pan-head screws with nuts (fan and cowl); 25 mm square tube end plug; about 12 UV-stable cable ties 400 mm long; matte black high-temperature paint; sealant",Hardware shop,8.00,buy,Indicative price; no exploded-view callout; fixings added under HMN-DDR-003
11 Secondary retention lanyards,1,"Two 1.5 mm 316 stainless wire lanyards with ferrules and snap hooks, globe boss and shield top to the arm",Hardware or rigging shop,3.00,buy,Added at TRL 3 to keep the globe and shield from falling if a fixing fails
12 FieldNode pole adapter,1,"Two 120 degree V-blocks 110 x 30 x 38 mm printed in ASA at 100 % infill, each with two 3.5 x 16 mm band slots in line with the FieldNode back plate slots and two M4 brass heat-set inserts for FieldNode's M4 countersunk screws; two 13 mm 316 stainless strap bands with buckles",Local make (3D print) plus hardware shop,8.00,make,"Added at TRL 3; seats the FieldNode core on 60 to 200 mm poles; counted against FieldNode, not the sensor head (HMN-DDR-002); V and band slots made buildable under HMN-DDR-003; a large-pole FieldNode kit variant is a cross-repo action"
13 Aspiration fan and cowl,1,"60 x 60 x 15 mm 5 V DC ball-bearing fan (about 0.9 W, about 14 CFM free air, class values) screwed flat on the top shield plate over its 56 mm hole; printed UV-stable ASA cowl, a 76 x 76 mm lid on four legs over the fan's corner holes, 30 mm overall, exhausting sideways; four M4 screws through cowl, fan and plate; powered from the FieldNode switched 5 V rail through the T and RH sensor lead",Electronics distributor plus local make (3D print),7.00,buy,"Indicative price ($6 fan, $1 cowl material); added under HMN-DDR-002; runs 6 s before each air reading every 3 min"
